<?xml version="1.0" encoding="UTF-8"?>
						
<beans xmlns="http://www.springframework.org/schema/beans"
    xmlns:xsi="http://www.w3.org/2001/XMLSchema-instance" 
    xmlns:context="http://www.springframework.org/schema/context"
    xmlns:mvc="http://www.springframework.org/schema/mvc"
    xsi:schemaLocation="http://www.springframework.org/schema/beans
    http://www.springframework.org/schema/beans/spring-beans.xsd
    http://www.springframework.org/schema/context
    http://www.springframework.org/schema/context/spring-context.xsd
    http://www.springframework.org/schema/mvc
    http://www.springframework.org/schema/mvc/spring-mvc.xsd">

	<!-- declare mvc to be annotation driven -->
	<mvc:annotation-driven />
	<context:annotation-config />

	<!-- provide Your Base package to scan annotations for components -->
	<context:component-scan base-package="com.alpha.householdrental" />

	<!-- Configuration for View page resolver.here we are using jsp pages -->
	<bean id="viewResolver"
		class="org.springframework.web.servlet.view.InternalResourceViewResolver">
		<property name="viewClass">
			<value>org.springframework.web.servlet.view.JstlView</value>
		</property>
		<property name="prefix">
			<value>/</value>
		</property>
		<property name="suffix">
			<value></value>
		</property>
	</bean>
	
	 <!-- Enables swgger ui-->
    <mvc:resources mapping="swagger-ui.html" location="classpath:/META-INF/resources/"/>
    <mvc:resources mapping="/webjars/**" location="classpath:/META-INF/resources/webjars/"/>

</beans>