<?xml version="1.0" encoding="UTF-8"?>
<beans:beans xmlns="http://www.springframework.org/schema/security" xmlns:xsi="http://www.w3.org/2001/XMLSchema-instance" xmlns:beans="http://www.springframework.org/schema/beans"
    xsi:schemaLocation="
        http://www.springframework.org/schema/security 
        https://www.springframework.org/schema/security/spring-security.xsd
        http://www.springframework.org/schema/beans 
        https://www.springframework.org/schema/beans/spring-beans.xsd"
>

    <http use-expressions="true">
        <intercept-url pattern="/login*" access="permitAll"/>
        <intercept-url pattern="/" access="isAuthenticated()"/>

        <csrf disabled="true"/>

        <form-login login-page='/login.jsp' login-processing-url="/loginuuu" default-target-url="/home.jsp"
            always-use-default-target="true" authentication-failure-handler-ref="authenticationFailureHandler"/>

        <logout logout-url="/perform_logout" delete-cookies="JSESSIONID" success-handler-ref="customLogoutSuccessHandler"/>

        <!-- <access-denied-handler error-page="/accessDenied"/> -->
        <access-denied-handler ref="customAccessDeniedHandler"/>

    </http>

    <beans:bean name="customLogoutSuccessHandler" class="com.alpha.householdrental.security.CustomLogoutSuccessHandler"/>

    <beans:bean name="customAccessDeniedHandler" class="com.alpha.householdrental.security.CustomAccessDeniedHandler" />

    <beans:bean id="authenticationFailureHandler" name="customAuthenticationFaiureHandler" class="com.alpha.householdrental.security.CustomAuthenticationFailureHandler"/>

    <beans:bean name="userAuthenticationService" class="com.alpha.householdrental.security.UserAuthenticationService"/>

    <authentication-manager>
        <authentication-provider ref="userAuthenticationService" />
    </authentication-manager>

</beans:beans>