<?xml version="1.0" encoding="UTF-8"?>
<beans xmlns="http://www.springframework.org/schema/beans" xmlns:xsi="http://www.w3.org/2001/XMLSchema-instance" xmlns:context="http://www.springframework.org/schema/context"
    xmlns:p="http://www.springframework.org/schema/p" xmlns:mongo="http://www.springframework.org/schema/data/mongo"
    xsi:schemaLocation="
       http://www.springframework.org/schema/beans 
       http://www.springframework.org/schema/beans/spring-beans.xsd
       http://www.springframework.org/schema/data/mongo
       http://www.springframework.org/schema/data/mongo/spring-mongo.xsd
       http://www.springframework.org/schema/context 
       http://www.springframework.org/schema/context/spring-context.xsd">


    <mongo:mongo-client id="mongoClient" host="localhost" />
    <mongo:db-factory id="mongoDbFactory" dbname="test" mongo-ref="mongoClient" />

 
   <!-- <mongo:mongo-client id="mongoClient" 
        host="mongodb://tomcat-cosmosdb-demo.documents.azure.com:10255/react-cosmos-db-tori?ssl=true"
        credentials="tomcat-cosmosdb-demo:uYtaDw0uednjWVLPhM9XZLuOfK1AcCVu3uNUhTOW8x8j8c6GSebE2fRFCqgyVwg8KCFx3GbdwBEkrGles7vjZw==@mydb"
    /> 
    <mongo:db-factory id="mongoDbFactory" dbname="mydb" mongo-ref="mongoClient" />-->

    <bean id="mongoTemplate" class="org.springframework.data.mongodb.core.MongoTemplate"> 
        <constructor-arg ref="mongoDbFactory"/> 
    </bean>
    
    <mongo:repositories base-package="com.alpha.householdrental.dao" mongo-template-ref="mongoTemplate"/>

</beans>